{
    "000.jpg": 0,
    "001.jpg": 1,
    "002.jpg": 2,
    "003.jpg": 3,
    "004.jpg": 0,
    "005.jpg": 4,
    "006.jpg": 4,
    "007.jpg": 4,
    "008.jpg": 5,
    "009.jpg": 6,
    "010.jpg": 7,
    "011.jpg": 0,
    "012.jpg": 5,
    "013.jpg": 8,
    "014.jpg": 9,
    "015.jpg": 1,
    "016.jpg": 8,
    "017.jpg": 9,
    "018.jpg": 10,
    "019.jpg": 11,
    "020.jpg": 12,
    "021.jpg": 5,
    "022.jpg": 9,
    "023.jpg": 5,
    "024.jpg": 11,
    "025.jpg": 4,
    "026.jpg": 11,
    "027.jpg": 5,
    "028.jpg": 8,
    "029.jpg": 8,
    "030.jpg": 1,
    "031.jpg": 11,
    "032.jpg": 7,
    "033.jpg": 7,
    "034.jpg": 6,
    "035.jpg": 10,
    "036.jpg": 0,
    "037.jpg": 2,
    "038.jpg": 4,
    "039.jpg": 4,
    "040.jpg": 2,
    "041.jpg": 0,
    "042.jpg": 1,
    "043.jpg": 7,
    "044.jpg": 6,
    "045.jpg": 3,
    "046.jpg": 9,
    "047.jpg": 0,
    "048.jpg": 3,
    "049.jpg": 9,
    "050.jpg": 12,
    "051.jpg": 9,
    "052.jpg": 11,
    "053.jpg": 1,
    "054.jpg": 4,
    "055.jpg": 2,
    "056.jpg": 10,
    "057.jpg": 0,
    "058.jpg": 0,
    "059.jpg": 7,
    "060.jpg": 12,
    "061.jpg": 12,
    "062.jpg": 3,
    "063.jpg": 7,
    "064.jpg": 9,
    "065.jpg": 12
}